H,std_H,M,std_M,H_2,std_H_2,M_2,std_M_2,T,M_4,std_M_4
-110.388,25.737752191826853,23.318,17.24262695137212,12847.28,5747.360416866281,840.74,1128.3810456508852,5.0,1.978814288e6,5.716492189571696e6
-108.14,24.48877498161352,20.154,15.583296285546359,12293.36,5322.523839159241,648.78,953.5523297887985,4.99,1.329268272e6,4.858006337945104e6
-110.644,24.732912909339678,22.604,16.50319785797709,12853.2,5497.785102478364,783.024,1044.6578413190748,4.98,1.70334528e6,4.688086503127651e6
-109.5,25.000300298496718,22.458,16.298830874878355,12614.64,5643.50319417848,769.748,1015.4930519873757,4.97,1.622706896e6,4.597513038445636e6
-110.24,25.108341817587814,21.024,16.056189623482442,12782.656,5589.8538818187435,699.552,1035.7027679404548,4.96,1.560980544e6,5.850299156879644e6
-110.5,24.758897451280074,21.736,16.40803240877856,12822.64,5618.176519281127,741.408,1062.1980277642142,4.95,1.676822208e6,5.752244359884907e6
-111.604,25.435607996549923,21.844,16.581514122980767,13101.776,5802.966157237698,751.832,1062.5431726615957,4.94,1.693120352e6,4.996957930135055e6
-110.28,25.71612177057262,21.742,16.69803162831656,12822.336,5906.422916687796,751.26,1051.7856328251578,4.93,1.669538352e6,4.656504907167291e6
-112.168,23.579987103299953,21.658,16.096276778377234,13137.12,5337.371998788679,727.9,1019.1964596795962,4.92,1.567561072e6,4.73834656421486e6
-113.528,24.4082973798047,21.112,16.164676079425558,13483.776,5744.775392836358,706.752,1000.906149254572,4.91,1.500309696e6,5.073908406495717e6
-110.952,25.37450613433809,21.214,16.461871011437225,12953.568,5756.4868920822455,720.756,1022.6649304752873,4.9,1.564286928e6,4.448091376934833e6
-112.248,25.657841312566045,21.192,15.802685242099228,13257.28,5797.840149572944,698.576,973.6238594260328,4.89,1.435003904e6,4.514575169467071e6
-111.468,25.157063696978906,22.586,17.06997328609474,13057.36,5781.148624089664,801.22,1160.5400280717406,4.88,1.987459792e6,7.147879264937506e6
-113.424,25.100323708076964,22.458,17.40831081079624,13494.4,5764.617701916515,807.108,1178.621982704427,4.87,2.039183952e6,7.4237903982846625e6
-113.524,25.26776372938222,22.944,16.23861313525747,13525.52,5901.111309939198,789.856,1021.3552926860946,4.86,1.665995968e6,4.611145844965016e6
-114.692,25.303307953573853,22.754,17.375885744485238,13793.872,5868.231498887935,819.364,1160.0526150022567,4.85,2.015733712e6,6.083059040359444e6
-113.408,24.592647973212124,22.044,17.19551539645584,13465.568,5743.637852542337,781.328,1181.1182755324703,4.84,2.004118784e6,7.158931028836259e6
-113.94,24.475036821778787,22.916,16.983797967280267,13580.752,5715.20416162932,813.304,1078.7149268817395,4.83,1.823925664e6,4.641032362119961e6
-114.532,24.690212283060315,21.85,15.717905476002601,13726.576,5680.848742103124,724.228,965.1643851211596,4.82,1.455116944e6,4.120096760826884e6
-114.308,25.456023749697152,21.624,16.683913718818403,13713.68,5917.623005196567,745.672,1067.97291846309,4.81,1.69545232e6,5.3034351633272255e6
-114.632,25.75406468594517,20.886,15.71986380723822,13803.104,6035.172065404851,683.092,948.8286227192407,4.8,1.36599016e6,3.8314387152955164e6
-115.452,25.391818376013173,22.232,16.96614352249874,13973.264,5968.3118910738185,781.824,1103.1836361908017,4.79,1.827045888e6,5.506572178185945e6
-115.448,25.633110469709916,21.6,15.804106104736507,13984.64,6063.306821860165,716.08,946.9856891714338,4.78,1.40865568e6,3.777075727687898e6
-115.928,26.0915999430389,22.506,17.3193511403841,14119.392,6127.463911629698,806.18,1149.8807805200543,4.77,1.970829776e6,5.783867998686419e6
-117.284,24.426624899973476,21.51,16.79970625130482,14351.6,5787.185592763123,744.628,1076.8049751791502,4.76,1.712820304e6,5.125684483191255e6
-116.232,24.633168066023686,21.82,16.87852139508922,14116.064,5775.150123317216,760.712,1049.2212608931973,4.75,1.678447136e6,4.415526896993786e6
-117.884,25.182468121705245,22.33,16.69868096425421,14530.16,6069.871143121087,777.196,1074.86132708199,4.74,1.758205168e6,5.318194298459792e6
-117.688,25.15789290810293,23.71,17.626985295580486,14482.752,6056.278902150779,872.564,1181.46928846398,4.73,2.155841744e6,6.197039093791573e6
-117.204,25.415198529941023,22.364,17.543297046771777,14382.064,6178.890636789537,807.608,1210.2554658536471,4.72,2.115484256e6,7.250517609039577e6
-115.288,25.484397393513365,23.152,17.527010358075678,13940.128,6010.972009926525,842.904,1248.4421775375322,4.71,2.267536416e6,8.837046775859432e6
-117.544,25.727922379974448,23.426,16.845601749367646,14477.856,6238.911391790929,832.268,1065.4939086852844,4.7,1.826812016e6,4.662657975117506e6
-116.736,25.871057489318364,21.176,16.304442917771183,14295.936,6166.813459165449,713.992,1029.3593641856262,4.69,1.568305696e6,5.08812840041778e6
-117.896,25.452013456482945,22.774,16.308736888517732,14546.624,6066.911133462012,784.364,991.7266141337448,4.68,1.59776504e6,4.0215031023332393e6
-119.18,25.219270639961255,21.332,15.157292618390644,14839.248,6064.4598998074325,684.568,885.496908040988,4.67,1.251954016e6,3.2502689802953964e6
-120.264,25.48481468992427,23.322,17.84687162577315,15112.256,6258.691069254367,862.108,1217.6835144968818,4.66,2.224500592e6,6.846161275271215e6
-118.312,25.440870541195995,23.304,17.887301069181444,14644.32,6057.035797504605,862.712,1247.645327775454,4.65,2.29933424e6,7.599928319219549e6
-121.66,26.521157059445425,24.136,17.475207778074825,15503.824,6653.309822081985,887.624,1180.87766457101,4.64,2.180953952e6,6.446791760607698e6
-118.98,26.228830541058283,23.68,17.866639774082223,14843.504,6313.49278998505,879.64,1208.3141667321152,4.63,2.232329632e6,6.300930678434245e6
-120.112,25.43372427172887,23.328,17.948553327958397,15073.12,6232.0219854897505,866.024,1235.9345021147024,4.62,2.276004128e6,7.116103384386692e6
-119.952,25.55955764458742,22.044,16.980176394560527,15041.12,6245.38983569479,773.976,1071.996638155277,4.61,1.747066464e6,4.8340007583292965e6
-119.488,24.83422224662159,21.676,16.038711427800685,14893.504,6041.503152885905,726.832,1007.2921131316263,4.6,1.54190752e6,5.825835494842849e6
-121.716,25.957217129752586,22.892,17.403080279169064,15487.888,6407.565277407653,826.608,1181.2658885430642,4.59,2.077274496e6,7.337283020210006e6
-122.72,25.43762317262902,24.646,19.408951321269043,15706.624,6366.0931467091,983.756,1459.6702976500692,4.58,3.096282608e6,1.1240409236449186e7
-119.552,25.857840666303208,21.464,16.05049289966892,14960.64,6303.399785453501,718.064,999.433270792386,4.57,1.513483904e6,4.597667889063488e6
-121.948,25.925999565174983,23.31,17.249505658002068,15542.8,6424.145092396978,840.604,1129.992717997212,4.56,1.982221744e6,5.261241041111766e6
-123.944,25.21381765224379,23.33,17.466888451930764,15997.216,6408.085457652432,849.076,1174.6960189602078,4.55,2.09946088e6,6.2860593439195035e6
-120.98,25.451903649813687,22.75,16.91956771823003,15283.312,6327.140875807833,803.548,1103.4176136559204,4.54,1.862002288e6,5.87406072460765e6
-122.496,25.156845009874566,24.91,18.479106509173477,15637.504,6284.77132572066,961.644,1274.2137363527006,4.53,2.546756208e6,6.653421992351267e6
-123.564,25.960351381363154,23.942,18.383976898555076,15941.328,6544.480993622939,910.852,1323.9541263293925,4.52,2.58075304e6,7.898898430503185e6
-123.476,25.140673767373016,22.524,16.578307038544807,15877.744,6349.848146369009,781.896,1041.451680485843,4.51,1.694898336e6,4.7726234569750875e6
-124.716,25.59934902825989,24.198,18.046453127151338,16208.752,6521.558123858044,910.892,1258.329052489984,4.5,2.411532848e6,7.537291583326803e6
-123.672,25.586932350461765,24.278,17.480740610520265,15948.8,6430.439882705154,894.692,1112.832248251617,4.49,2.037630992e6,4.794976643334135e6
-123.792,25.028766952752086,23.358,18.012336891149918,15950.272,6311.082261968491,869.716,1287.994770903156,4.48,2.41367752e6,9.367065695472658e6
-123.56,25.685835827594982,22.47,16.59380771415815,15926.176,6559.171743977358,779.98,1039.4321463120077,4.47,1.687707568e6,4.804057262725864e6
-124.112,25.906033632699906,25.902,18.645912851508935,16074.24,6514.745349541252,1018.236,1362.9407910484977,4.46,2.892554544e6,8.46631652759459e6
-124.736,25.796041164096092,23.038,17.267099024118348,16223.84,6507.766832604527,828.604,1147.6101028363823,4.45,2.002276528e6,6.150158037301494e6
-126.612,25.652982897346096,25.458,19.95124778775223,16688.016,6671.868029776275,1045.764,1547.1193524077562,4.44,3.484807056e6,1.156489404654296e7
-126.288,24.612412048127805,23.34,17.65548402384132,16553.824,6365.17550458966,856.16,1187.378714063298,4.43,2.141468288e6,5.96871666942137e6
-126.712,24.804764307131247,24.49,17.585253513701222,16670.592,6417.536499955748,908.692,1205.4234271718692,4.42,2.277313744e6,6.642133178376663e6
-126.928,26.784178318705397,24.442,19.149499715118907,16827.392,6928.178912049931,963.748,1439.6048119225327,4.41,2.99919976e6,9.82704145482002e6
-125.388,26.004570630827452,23.332,17.896873304409183,16397.712,6687.425440038346,864.36,1219.1369230883122,4.4,2.231926752e6,7.0463769916095575e6
-126.752,24.94202478951139,24.354,17.187381711304663,16687.552,6340.206270370612,888.228,1125.6805304670913,4.39,2.05483848e6,5.484951676832356e6
-126.68,25.50035034794361,24.288,18.05710705276776,16697.44,6664.142588123009,915.64,1221.9539573461325,4.38,2.330074912e6,6.652148405200588e6
-129.816,27.98137060797954,24.25,18.728060236987712,17634.368,7346.327416000398,938.452,1402.4657663992807,4.37,2.845635472e6,1.0173304556741113e7
-127.808,24.751561077551774,22.976,17.604696797995395,16946.912,6391.327073935586,837.512,1205.758668981411,4.36,2.153826464e6,6.619773502333045e6
-129.54,25.39072840800533,24.144,17.756084662518997,17424.656,6661.230741285926,897.896,1233.3665141157926,4.35,2.325888992e6,7.378806173247219e6
-130.652,24.823841747785917,24.7,18.97213593515348,17685.552,6492.222052462045,969.672,1393.3281622732613,4.34,2.879685792e6,9.648695075151486e6
-128.408,25.092133252299444,24.95,18.279267808958643,17117.6,6509.461507768605,956.3,1283.5303128730793,4.33,2.560312304e6,7.211456509983846e6
-128.464,25.591710369563806,24.116,17.582254681345045,17157.28,6601.2542813989285,890.408,1171.5404784422215,4.32,2.163960992e6,5.5066123098258665e6
-128.496,25.764506472932748,23.932,18.035760717659365,17174.368,6688.676002561588,897.704,1242.4111178550238,4.31,2.347914272e6,7.361323970939272e6
-131.752,25.543354496991167,23.52,17.805353987793406,18010.4,6780.887712251706,869.904,1199.7912492703995,4.3,2.194792512e6,6.248079824007726e6
-132.784,25.829372824373817,24.596,18.184594124243286,18298.08,6910.476403093908,935.312,1288.1213977693994,4.29,2.532406016e6,7.881878299433917e6
-132.972,27.383152723034886,23.304,18.149517596591622,18430.64,7393.304319664054,872.152,1267.8546700471472,4.28,2.36649712e6,7.636901866496731e6
-130.48,24.48544745633899,23.93,18.34054185337705,17623.968,6447.457399773799,908.684,1277.0911878350921,4.27,2.455037552e6,7.603189469057454e6
-131.036,25.635598059883215,25.212,17.591831301161587,17826.96,6816.252243355218,944.808,1166.890289651981,4.26,2.252933472e6,5.529809881870139e6
-132.576,25.17804913328588,25.112,18.573217826225495,18209.696,6777.202153736938,975.232,1337.4194633685413,4.25,2.737979584e6,8.0320619747203365e6
-131.844,25.238475481784647,24.246,18.317396403719908,18019.184,6726.159823265584,923.06,1239.6481387506328,4.24,2.387230544e6,6.2322360509115225e6
-133.704,26.75077546517087,24.758,18.930922212502374,18591.648,7248.159212936212,970.98,1375.167275874698,4.23,2.831996112e6,8.227437772594466e6
-132.376,27.026747289843613,24.954,18.592029140132812,18253.12,7442.584029934942,968.02,1364.60623102995,4.22,2.797350736e6,9.295666899799604e6
-133.468,25.16374753867536,22.744,17.82684100619793,18446.288,6753.763420597246,834.768,1244.7707067119986,4.21,2.244742272e6,7.643352189534305e6
-135.796,26.645156189227873,25.8,19.720164423373475,19149.808,7323.060615611201,1054.136,1476.6095778334056,4.2,3.289398176e6,9.557658950364131e6
-134.972,26.185738655018103,26.186,19.82267243189834,18902.448,7268.104842067932,1078.252,1458.9437073572226,4.19,3.2890156e6,8.382216011269566e6
-134.836,26.35928519356919,24.208,18.366220461871137,18874.864,7250.896816680691,923.008,1353.0278949158514,4.18,2.680797568e6,1.0050738362027839e7
-133.864,26.73170567113307,24.576,18.283175284903287,18633.44,7302.510589332089,937.92,1293.9811361765599,4.17,2.55240672e6,8.196218301404507e6
-136.32,27.128021113408355,25.728,18.76225034578843,19318.336,7557.941965764348,1013.6,1369.2362805564242,4.16,2.900318144e6,8.872566866227262e6
-135.888,26.51223027876671,25.556,18.845211752750515,19167.744,7328.718023387877,1007.896,1392.0438898883092,4.15,2.951702752e6,1.1169759811227763e7
-137.176,25.333511616252707,25.674,18.987634245852067,19458.4,6908.217099620965,1019.324,1373.596968421107,4.14,2.92390328e6,8.540576476574307e6
-138.5,27.537834561423534,26.094,19.08862330131588,19939.824,7845.091993176714,1044.908,1462.7829413380064,4.13,3.229426928e6,1.1743452858954398e7
-136.376,24.943472107964453,26.18,18.671803240079306,19219.968,6971.935054587168,1033.68,1304.287910145821,4.12,2.767960128e6,6.976719709743389e6
-137.984,25.76306424863858,24.342,18.319351370467096,19702.656,7162.743227298059,927.796,1322.9691991448199,4.11,2.609302672e6,8.869178921562944e6
-140.668,25.600647827138456,25.866,19.369905452459932,20442.224,7454.667745044912,1043.868,1424.5676001592285,4.1,3.117023856e6,8.626126762061894e6
-139.896,25.476542902015538,25.942,19.542941502306213,20219.296,7276.121129494414,1054.532,1492.7268519157917,4.09,3.33804296e6,1.0738031647706142e7
-138.796,26.20635718975755,25.902,19.697674847412685,19950.416,7319.8139921601705,1058.524,1427.1238404146573,4.08,3.155118832e6,8.495911770392073e6
-139.18,26.50672001976492,27.446,19.868866496502914,20072.976,7489.902281045034,1147.66,1468.9584375642805,4.07,3.472804528e6,9.224869233912608e6
-139.876,25.84996798537369,26.51,20.32232508589745,20232.848,7352.818312595111,1115.364,1557.149572229429,4.06,3.666326928e6,1.2188323947044984e7
-140.752,26.860155695080472,25.942,19.649395276566015,20531.872,7665.922624270173,1058.7,1486.2561567116768,4.05,3.327594096e6,1.0219413414457448e7
-141.484,25.538087985163216,26.396,19.304918126318587,20669.264,7373.326834401884,1069.056,1401.9427578757843,4.04,3.106358784e6,8.433575817927375e6
-141.024,25.27746772076614,27.162,19.96527907063581,20526.08,7289.27083039441,1135.988,1537.4691474092203,4.03,3.651916304e6,1.116957667873498e7
-141.46,26.100222635479987,25.668,19.47421425940007,20691.472,7532.765174116633,1037.712,1438.3854190270665,4.02,3.143729856e6,9.13137657205859e6
-141.404,25.987692166565015,25.54,19.350732566258333,20669.776,7379.050518893632,1026.368,1402.465471223436,4.01,3.01837376e6,8.072424326649604e6
-142.752,26.040287874610613,26.326,19.416145619321842,21055.552,7610.5391920737175,1069.668,1429.6040324038909,4.0,3.185913552e6,9.081485619865121e6
-144.572,27.582051874100774,28.942,20.870654523043115,21661.072,8163.370196664108,1272.788,1656.4318644537047,3.99,4.361012048e6,1.1902878910366297e7
-145.256,25.967841512008516,28.826,21.23404362359201,21772.96,7669.803606727213,1281.372,1721.210595927044,3.98,4.601517552e6,1.4357097809103105e7
-145.656,27.724543536626793,27.83,19.833720691702716,21983.552,8298.498731728318,1167.492,1527.1914430220068,3.97,3.69301896e6,1.0284803091405638e7
-142.708,25.655505080604843,26.258,19.425622018118,21023.12,7348.801333185885,1066.46,1453.0524938727954,3.96,3.24658712e6,9.410195435896086e6
-144.436,25.9720706231223,25.52,18.67271459296345,21535.632,7703.781206489021,999.592,1403.1109927564512,3.95,2.965935904e6,1.0632738879732076e7
-145.58,26.34307418578093,28.09,20.812617929156943,21886.8,7916.089385495792,1221.78,1810.4225753954522,3.94,4.76709864e6,2.1611125565869305e7
-147.008,25.552864514274805,25.644,19.14094145123587,22263.648,7683.500262014206,1023.624,1391.785983133487,3.93,2.982937248e6,8.150662766424281e6
-146.112,25.707437218212327,26.39,20.143725317568983,22008.928,7642.162558555489,1101.796,1578.7057326095237,3.92,3.703773904e6,1.1179710827600205e7
-147.68,26.24092578752103,27.254,20.461137361890277,22497.28,7824.269919255686,1161.02,1589.3783272295702,3.91,3.871564784e6,1.1107801710192138e7
-145.68,26.342656197421245,26.302,19.746359530675893,21915.904,7739.068913146233,1081.324,1561.7434442345545,3.9,3.605865136e6,1.2676626323193207e7
-143.692,27.22922265814002,27.368,20.390398337068955,21388.08,7913.267078359826,1164.36,1572.8570862649326,3.89,3.827139744e6,1.0555193757226184e7
-148.824,27.00433776744503,25.304,19.292479980131734,22877.088,8108.939287516255,1012.12,1375.863141807711,3.88,2.91549328e6,8.029332892122684e6
-148.088,27.229941713593984,29.826,22.951699381625417,22670.784,8247.92134054295,1415.844,2012.9023641477474,3.87,6.052338384e6,1.80140870608938e7
-147.868,27.28763806545358,30.178,24.01843461179769,22608.816,8269.983275770606,1487.02,2250.539067355573,3.86,7.271089648e6,2.539754935040067e7
-152.144,28.387904768354023,31.076,24.823586252482425,23952.864,8924.135042443035,1581.312,2442.356932563716,3.85,8.45968992e6,2.7896137882505096e7
-151.548,28.058634731272708,26.242,19.464128243727952,23753.296,8725.604163862146,1067.116,1532.1467567528343,3.84,3.483862768e6,1.254839939112103e7
-152.424,27.78287443933964,28.902,21.510115784929685,24004.192,8603.365976480443,1297.548,1833.80441550628,3.83,5.043106608e6,1.5826074246255703e7
-151.904,27.52475969734152,29.188,22.1143777145481,23831.68,8617.249513317738,1340.496,1907.4068015739829,3.82,5.431492032e6,1.6249827583267536e7
-151.988,26.114092015649362,29.364,21.710892815977576,23781.616,8069.686728023116,1333.136,1813.4563787258687,3.81,5.062587008e6,1.3482190053092906e7
-151.88,26.208404767945723,27.456,20.422172487987886,23753.728,8083.784211196459,1170.48,1667.3225260896606,3.8,4.147207872e6,1.3529441473437311e7
-152.152,26.57297535126654,26.99,19.472932370218285,23855.648,8117.160230912675,1107.276,1446.5504235773988,3.79,3.31647576e6,8.746473418187533e6
-152.148,26.538319057136576,26.47,19.660356803212643,23852.592,8179.959050484519,1086.804,1430.64875823993,3.78,3.225852048e6,8.80524466834366e6
-153.568,26.23931931049047,29.294,21.266448359465805,24270.944,8139.8872607353405,1309.948,1698.8091823197606,3.77,4.599030448e6,1.1904807059253618e7
-155.732,26.925028006171747,27.628,20.912267666107827,24976.688,8477.932823018096,1200.192,1590.8450279769677,3.76,3.968717952e6,1.0077818696603071e7
-153.412,28.10943607396627,29.062,22.161572401147247,24324.592,8760.722385868547,1335.244,1944.5273829923835,3.75,5.560282096e6,1.9827637294262815e7
-156.072,27.527742235653704,30.232,22.944817293686185,25115.488,8800.707740778273,1439.912,1996.0374981322243,3.74,6.053528096e6,1.679193004976037e7
-156.016,27.060746996859265,29.39,21.71339152162488,25072.544,8589.622110434433,1334.772,1754.3657689510662,3.73,4.856337744e6,1.3788117636755174e7
-155.652,26.410005384027933,28.182,21.488243777019576,24924.336,8267.707454527988,1255.508,1703.0539929311808,3.72,4.473792848e6,1.1407609045606878e7
-155.036,25.62309987583952,28.846,20.93682484606094,24692.048,8108.674494376485,1270.004,1624.5695929526523,3.71,4.249497296e6,1.181448838761243e7
-155.052,27.123661054308084,28.154,21.88907068414316,24776.08,8640.304802765042,1271.3,1854.4994381681995,3.7,5.051932688e6,1.489221880715026e7
-157.936,27.331573663419363,31.83,23.400912433123263,25690.048,8821.04791076094,1560.204,2050.5915956806894,3.69,6.634957488e6,1.7859505574500676e7
-157.488,28.032761042959926,29.084,21.597485858205705,25587.52,9036.860947994795,1311.864,1760.60135710576,3.68,4.817604576e6,1.3655585219832646e7
-156.696,27.074279318212714,28.758,21.913960337138004,25285.92,8613.752488058008,1306.764,1867.4125044472005,3.67,5.191374384e6,1.6184148842427148e7
-159.988,27.667405757340916,30.232,22.877358884922657,26360.88,9002.920807864119,1436.824,2019.6296653121851,3.66,6.139288288e6,1.976558041883472e7
-158.94,27.155511812923393,28.532,21.9208918956666,25998.608,8640.689364572194,1294.12,1885.7225753623547,3.65,5.227140256e6,1.712628306559297e7
-158.74,28.641521201513314,25.12,19.740092990441337,26017.904,9347.804521713115,1020.296,1470.9602484215663,3.64,3.202564256e6,1.007929239912847e7
-161.368,27.314953462941922,30.564,21.82911849833645,26784.992,8994.313847844622,1410.192,1774.37732910507,3.63,5.133907968e6,1.2112086825912453e7
-164.036,27.819788723939745,29.054,20.802255113756726,27680.976,9169.028073860569,1276.436,1642.3342314010363,3.62,4.323853328e6,1.0763055159576913e7
-163.144,26.40781393142259,33.18,23.876215648081114,27312.64,8684.19619527092,1670.416,2198.6526229262095,3.61,7.619528896e6,2.3208300719212532e7
-165.196,27.392991073629766,32.338,23.403706746784568,28039.344,9136.430224924772,1592.932,2066.6272153979353,3.6,6.804109456e6,1.7895259255433712e7
-163.648,27.11522323956289,28.996,22.019010441453105,27515.168,9109.331572265304,1325.12,1835.647398323265,3.59,5.122174784e6,1.398874060022572e7
-165.336,28.10546247655464,29.886,22.9375922262372,28125.12,9430.91736725479,1418.78,2015.1448047681795,3.58,6.069684464e6,1.8212815986837924e7
-164.06,27.815141237859674,31.242,23.243788626420383,27688.592,9196.082088765808,1515.796,2073.55597000533,3.57,6.59297224e6,1.7310739558113623e7
-163.12,28.73414782538802,29.992,22.333533592396943,27432.96,9674.609167762228,1397.808,1958.929918491614,3.56,5.787436224e6,2.0589509891897842e7
-164.392,26.35383958479031,30.406,22.474524873026088,27718.56,8786.0892858734,1429.124,1889.371636763346,3.55,5.608550864e6,1.4524644016022945e7
-166.2,26.576875857224646,31.076,22.128802676780953,28328.064,8991.563766490835,1454.912,1859.0837228442788,3.54,5.569505024e6,1.561934385882992e7
-166.116,27.16682868095907,30.928,22.911301659743028,28331.824,9141.08289808016,1480.944,1985.509388644737,3.53,6.131500416e6,1.7467029220715843e7
-166.684,27.611710387995718,30.652,21.791966083531467,28545.2,9295.143012327439,1413.96,1741.9285615413487,3.52,5.03056368e6,1.2313991134136358e7
-164.612,27.69245977388661,31.226,23.74347650780477,27863.216,9253.84679070114,1538.252,2165.9240530312923,3.51,7.052754992e6,2.0194849052311413e7
-171.224,28.119112868447832,33.436,25.619099169218305,30107.552,9789.52611216686,1773.648,2521.7948396547467,3.5,9.498916992e6,2.8168775830840822e7
-171.7,29.524188010471644,33.272,25.753393043505028,30351.696,10317.080843761994,1769.6,2621.9774792896114,3.49,9.999375296e6,3.2763485315416202e7
-170.684,27.331285062051933,31.022,24.35406817426273,29879.28,9436.600979147082,1554.892,2342.693183429637,3.48,7.900412272e6,2.5720133562808596e7
-169.76,28.349993335486378,32.328,24.024437341789916,29621.376,9979.782676235436,1621.696,2195.5384671521347,3.47,7.445466688e6,2.1313923685343046e7
-170.212,27.831378723333874,32.556,24.7290596341711,29745.936,9651.57100843354,1670.808,2181.498415877141,3.46,7.545775776e6,1.7697115429690108e7
-170.924,27.838124670767336,35.474,26.39773028432869,29989.2,9699.382481195207,1954.548,2521.7683968880933,3.45,1.0173214416e7,2.3763969667930983e7
-172.888,27.87724155286166,34.7,26.225135991215712,30666.624,9867.772788954882,1891.16,2733.9882725195216,3.44,1.1043703328e7,3.466207927226973e7
-173.784,27.202744959531817,33.112,24.99368200446145,30940.128,9658.49167090664,1720.464,2315.870165472868,3.43,8.317887744e6,2.15591228542675e7
-174.668,29.02985546826764,35.938,25.57855387660566,31350.8,10258.822020741622,1945.148,2545.764551416185,3.42,1.0258036976e7,2.669744798024767e7
-174.084,29.555142538151465,34.79,26.1527793526399,31177.872,10478.112254601781,1893.628,2701.752367533241,3.41,1.0877993392e7,3.1947144176972628e7
-175.352,28.962923660206457,32.85,24.80501539585874,31586.336,10171.135617956475,1693.796,2335.3243959712363,3.4,8.317231184e6,2.372031319095411e7
-176.024,29.649933263711446,34.698,24.895312260997507,31862.688,10542.87537115695,1823.108,2312.3672837139848,3.39,8.665418192e6,2.136366555662453e7
-176.864,29.160655819920237,34.9,27.386785792349496,32130.368,10638.823312850818,1967.296,2890.9115867120854,3.38,1.2219265984e7,3.806260345468018e7
-176.096,28.979416670985465,35.072,25.77260256635024,31848.768,10367.994410408903,1893.608,2609.055788296303,3.37,1.0386116192e7,3.2100524852681443e7
-178.008,27.74919735693186,33.814,25.03205960379625,32456.096,10040.512400074012,1769.364,2377.372467105513,3.36,8.776896912e6,2.2658577692631107e7
-178.532,27.755059346348357,32.114,23.43476460714278,32643.248,10018.692858906152,1579.948,2039.374152093781,3.35,6.651123568e6,1.6190854483008478e7
-178.188,27.24589868209516,31.03,22.567507447487248,32492.56,9779.319309878605,1471.644,1970.4571648992273,3.34,6.0445548e6,1.8437800431246337e7
-182.62,28.40292812944339,35.366,26.37851151732922,34155.984,10594.975415913328,1945.884,2620.0402541711983,3.33,1.0644210864e7,2.728117479640075e7
-179.168,26.6013422106368,35.652,24.356028249944863,32808.096,9574.01640717985,1863.688,2187.4905498222297,3.32,8.253662752e6,1.7843975947296802e7
-182.896,29.700628129911852,34.944,25.615874707630756,34332.192,11101.915337783083,1876.6,2537.303389918615,3.31,9.953098144e6,2.7797721865226153e7
-183.968,28.095058432192456,34.17,25.972479082091294,34632.768,10596.23874729924,1841.484,2648.88990474717,3.3,1.0400664432e7,3.2379752016900677e7
-185.1,30.57523253950564,35.738,29.333322345070293,35195.92,11608.000399848499,2136.788,3406.5707835827457,3.29,1.6158982736e7,5.522341965317978e7
-185.184,27.447541083155546,36.93,27.7744941002086,35045.728,10414.611297138577,2134.476,3070.0871845510746,3.28,1.397199768e7,4.580733373462669e7
-185.248,28.3557144600968,35.772,26.8537733129097,35120.064,10671.704371753467,2000.04,2758.8714696749084,3.27,1.1603920416e7,3.37450678685823e7
-187.748,29.475231725726694,37.472,29.34058769155938,36117.232,11314.408342565612,2264.16,3289.265787348267,3.26,1.5934870656e7,4.797503823516996e7
-186.42,29.22584044556717,38.316,27.493854878064226,35605.712,11093.780027400595,2223.272,2838.9589398013277,3.25,1.299456656e7,3.2131318704311866e7
-186.896,28.292713932418387,36.55,25.782751021763566,35729.792,10730.909906627683,1999.988,2533.2083831711457,3.24,1.0410679568e7,2.7220779282031465e7
-190.252,30.475190454421007,40.34,30.180975651746106,37123.632,11854.78207689482,2537.296,3443.9184959854942,3.23,1.8286585024e7,4.9861183234229945e7
-190.856,30.166227229556984,38.608,28.145025821243767,37335.104,11728.461154569177,2281.928,2992.317974025099,3.22,1.4152208288e7,3.7049040718528554e7
-192.052,30.59812970659386,36.826,29.134490600361325,37819.28,11873.807448705278,2204.124,3312.6322822283287,3.21,1.5820721712e7,4.87969979284434e7
-189.232,29.379471222765893,35.968,25.962299917707924,36671.04,11272.694937838136,1967.064,2410.775048867115,3.2,9.67536528e6,2.1379713581120454e7
-194.412,28.350273261363707,38.654,29.66533863478245,38598.96,11195.864287474353,2373.284,3313.3076873684963,3.19,1.6599506768e7,4.685417719287069e7
-192.032,29.104192653809008,40.69,28.63920571706038,37722.496,11264.103804053499,2475.06,3113.1745463684106,3.18,1.5808085904e7,3.888866446050295e7
-194.052,27.506834094855808,40.376,29.007793367922286,38412.048,10792.715630293073,2470.832,3072.1534171317667,3.17,1.5533699264e7,3.398197487110474e7
-196.604,31.429906506749635,42.16,29.89160263197522,39639.984,12539.658418034558,2670.08,3329.4112315466155,3.16,1.8203221376e7,4.32268987972057e7
-198.46,31.49622854267495,42.648,31.38900070670243,40377.392,12723.158383577153,2803.136,3916.010262228366,3.15,2.3177372672e7,7.186243381209062e7
-195.0,27.65886861411748,35.274,26.598503800108844,38789.248,10807.530044379062,1951.028,2710.2901822661142,3.14,1.1144837456e7,3.2988180584502354e7
-196.268,29.46259018179189,39.646,29.171521414929003,39388.304,11805.064359846758,2421.932,3142.800240028743,3.13,1.5733070768e7,3.998825744837009e7
-200.1,29.497866433424033,43.17,30.176045030681102,40909.264,11958.29046013823,2773.332,3341.432869802923,3.12,1.8845378832e7,4.18071486129877e7
-199.488,29.82810036813561,38.048,29.791092715864004,40684.288,12128.848715365206,2334.272,3434.009219751359,3.11,1.7229452672e7,5.2267008000082344e7
-198.816,29.37544997206105,36.006,26.89891290583163,40389.856,11908.437073806317,2019.26,2709.873662676485,3.1,1.14134828e7,3.20839700298941e7
-194.684,28.639559500250147,39.928,27.586587970168324,38721.264,11269.276414091599,2354.504,2833.3865902050065,3.09,1.3563740576e7,3.236660248655245e7
-201.336,30.81656640128431,45.806,33.41908435608611,41484.896,12564.768861771146,3213.908,4157.53386412755,3.08,2.7597007376e7,6.579777523697357e7
-200.768,30.29785695616336,40.26,27.85829292121979,41224.832,12278.61127076326,2396.176,2995.680387158484,3.07,1.4706786304e7,3.9716605304327294e7
-205.364,30.767224868780836,41.246,30.379572123425344,43120.048,12736.14181933203,2623.228,3444.2770667483373,3.06,1.8732506608e7,4.914088547877758e7
-204.9,31.154592095044492,38.122,28.3851163610585,42953.648,13053.815901938318,2258.196,3145.222531134221,3.05,1.498198152e7,4.827792282486327e7
-204.144,31.029503606955977,40.716,29.288652566636948,42636.64,12846.583919657582,2514.76,3142.422877325701,3.04,1.6188964576e7,3.665630092396014e7
-204.772,30.39196748628965,42.294,33.739589860043104,42854.32,12742.803691476987,2926.004,4281.878842565073,3.03,2.6877651344e7,7.772123494646855e7
-207.428,29.660353210178616,41.898,30.13565585405026,43905.232,12431.139475963048,2662.692,3360.367199704945,3.02,1.8370704336e7,4.296678779414205e7
-208.284,29.81422868752824,42.904,32.757286576024946,44270.224,12707.875715123084,2912.72,3948.9590526111056,3.01,2.406262112e7,6.20009268185848e7
-210.34,30.32576548171624,50.948,34.63207583551232,45161.648,12952.695858318226,3793.88,4414.997073697871,3.0,3.3866232416e7,7.473731864488555e7
-209.856,31.674698902287155,43.062,34.91176000987328,45041.824,13635.911115909525,3071.948,4272.021817325341,2.99,2.7668784752e7,6.80603725088054e7
-212.348,31.756186032824395,46.15,31.993954321295035,46099.12,13760.484671260241,3152.412,3820.6431469469003,2.98,2.452041816e7,5.507636971624777e7
-215.448,30.70423498552025,46.73,32.12062942774993,47359.648,13434.778198293163,3214.396,4211.997831066978,2.97,2.8055526448e7,8.3486473560911e7
-214.3,31.841543365293774,46.024,33.87510807284527,46937.36,13892.339817035572,3264.584,4377.267476577769,2.96,2.9798818784e7,8.532542459213178e7
-215.5,30.064428646988617,41.422,32.97048633200561,47343.216,13133.895857579417,2801.748,4114.5716165943795,2.95,2.4762561744e7,7.088756202214976e7
-216.536,32.14881413443194,46.332,35.08699007998368,47920.352,14400.816166535782,3376.52,4988.191620341107,2.94,3.6258060896e7,1.2405834378478795e8
-216.384,31.441264241392982,43.53,30.58009552375928,47809.6,13943.542467843401,2829.068,3539.070946242607,2.93,2.0516123888e7,4.891633384104925e7
-221.884,32.23516169727786,44.86,32.541040538362004,50270.576,14513.690536635308,3070.28,4025.2465667985507,2.92,2.5613026592e7,6.529685061652626e7
-223.18,30.50117902511183,48.876,35.63928706894658,50738.704,13703.284774023416,3657.752,4620.2331539536935,2.91,3.4704357536e7,7.949648064921007e7
-221.976,35.3632858482634,51.148,39.73115478639729,50522.656,16258.645788519427,4193.104,5966.230295011845,2.9,5.3142429184e7,1.603540773008839e8
-218.932,32.16815453466621,47.904,35.3690507895498,48964.976,14530.73740733845,3544.512,4861.806897869164,2.89,3.6177094464e7,9.431797840069199e7
-226.928,30.732186438378953,52.536,37.831943645019884,52439.84,14067.412900462972,4189.856,5173.584682764334,2.88,4.4294105792e7,9.714396131650811e7
-223.26,30.826525504420303,46.91,32.384450785101365,50794.352,13852.490054167038,3248.252,3858.4005649252404,2.87,2.542350872e7,5.513486314695484e7
-227.908,32.59567477463864,54.642,39.732134079086144,53003.472,15084.312400166002,4562.812,5464.907445331718,2.86,5.065460152e7,9.943993805905178e7
-230.076,33.84274745873266,54.454,39.62787216407478,54079.152,15877.624049534443,4534.036,5890.94602485643,2.85,5.5226024272e7,1.3259338567770745e8
-227.372,31.432493022628947,49.802,36.43652585547114,52685.04,14517.464580299147,3806.532,4856.940860201564,2.84,3.8055970512e7,9.755770300639549e7
-225.076,34.03834356770072,53.214,40.093911329848154,51816.656,15944.71419199254,4437.644,6197.56196577199,2.83,5.8064048816e7,1.60359390286247e8
-229.908,33.27573907234535,56.096,40.50688326188021,53963.856,15831.85176957256,4785.928,6326.938138232506,2.82,6.289522288e7,1.6853437104994503e8
-230.58,32.049255135724366,62.12,39.59112346293115,54193.264,15164.415492445845,5424.784,5931.043366285291,2.81,6.4570379584e7,1.3336548820691212e8
-228.808,32.37547385456016,48.01,37.78369367210553,53400.224,15115.207746870537,3731.14,5554.566320732107,2.8,4.4743759504e7,1.4041477061340907e8
-238.84,35.22986720871289,60.222,42.718281421044644,58284.448,17702.86470789861,5449.716,6844.031706629167,2.79,7.6493333712e7,1.962496226926837e8
-233.776,31.600322852850802,62.11,38.78959309573294,55648.8,15018.409869323821,5360.78,5703.836840083902,2.78,6.1239183152e7,1.1644190654572299e8
-236.988,33.06486263605432,56.126,38.59188331058044,57255.504,15896.664818329988,4637.972,5581.644196395105,2.77,5.2634381456e7,1.269676222766257e8
-233.34,33.33712290771001,48.522,38.77879976625516,55557.808,15658.886933595733,3856.676,5634.230022547089,2.76,4.6586753168e7,1.352805380406498e8
-237.628,33.060347889920976,47.182,36.10948311414567,57558.96,15902.362703257208,3528.732,4843.736942872491,2.75,3.5890275312e7,9.133719651913115e7
-248.552,36.407427769574674,69.874,50.35175690503186,63102.272,18888.313850159262,7415.14,9268.684187465176,2.74,1.4080689928e8,2.977550142236903e8
-245.496,34.34177254221659,62.3,43.55749367508712,61446.464,17222.01523148024,5776.648,7060.525855589898,2.73,8.3170836448e7,1.9167190857746312e8
-242.596,32.26313211226855,60.418,40.96656606960774,59892.688,15754.28101822032,5326.916,6121.846357085725,2.72,6.5815559888e7,1.3433733859302548e8
-256.952,39.37964515396821,83.42,52.756638092877594,67573.536,20837.108103256818,9739.376,9862.40628063295,2.71,1.92025235456e8,3.1537122659276724e8
-253.92,35.306545457636496,85.992,45.92617063449933,65720.672,18397.754029167085,9501.728,8437.437725363394,2.7,1.61402e8,2.5629534545652843e8
-249.216,36.10763222789753,67.594,44.799890560069386,63411.072,18687.628029372274,6573.972,7671.491487113366,2.69,1.02010037712e8,2.243421720299278e8
-250.744,35.804698580499746,67.426,48.18701601585755,64153.248,18397.3224838037,6865.932,7923.57226816698,2.68,1.0986123672e8,2.0314394482105038e8
-254.984,33.5818922559091,67.06,43.14702847318765,66143.456,17310.347731766073,6356.848,7044.197678218991,2.67,8.9980616704e7,1.7866390897407952e8
-248.736,31.718012805602058,55.568,38.84814737609188,62874.624,16092.584844007675,4595.472,5533.000342491044,2.66,5.17018416e7,1.1261641645098853e8
-256.816,32.658976602960976,67.704,40.6761715865067,67020.0,16813.669976839978,6236.728,6146.638698777512,2.65,7.6640162272e7,1.301436916870353e8
-255.72,34.782688732118395,61.84,43.753317048570764,66601.344,18333.98110877615,5736.624,7491.223696773385,2.64,8.897116896e7,2.4455391629946634e8
-255.984,34.14436383331196,67.932,48.94444743722147,66692.48,17831.79684081703,7007.92,8607.747713909039,2.63,1.23130170112e8,2.5467082076423743e8
-253.696,34.35112201345952,62.336,43.27465539781686,65540.48,17932.98243875649,5756.6,7271.621406390592,2.62,8.596204496e7,2.1479026579250062e8
-262.184,34.196367285656756,76.686,45.75083105849054,69908.672,18101.438961831318,7971.788,7732.364601425968,2.61,1.23279076784e8,2.1221691353168094e8
-263.704,39.602938991655364,81.948,52.12103124361507,71106.624,21906.27985367784,9429.36,10044.09919021825,2.6,1.89695874624e8,3.4925163870072424e8
-269.952,34.047098274315545,81.244,49.86448566796744,74032.128,18918.794231101907,9084.568,9287.919921157689,2.59,1.68708566752e8,2.909973131765811e8
-272.076,42.104905261109984,82.124,52.17020561924549,75796.4,22884.415029343334,9463.36,9898.43353833893,2.58,1.87436190016e8,3.4008650863056004e8
-274.26,34.0320228399456,80.574,51.018559538832704,76375.568,19089.00137259094,9092.46,9529.547033467175,2.57,1.73394283248e8,3.0552171895438355e8
-279.68,35.430621345510275,91.532,54.31024377204155,79474.976,20693.54137169194,11324.76,10699.282484544658,2.56,2.42610360096e8,3.6474288001116985e8
-272.656,40.20310875982048,82.046,54.736075141737395,75955.968,22645.681042460456,9724.588,10583.221523528271,2.55,2.06460185008e8,3.669584876091768e8
-276.74,40.98111579559362,88.962,55.07732807669657,78262.8,23631.284849530282,10944.716,11126.37410804329,2.54,2.43459212912e8,4.1685800032271284e8
-281.696,41.01577596337631,92.334,57.91094993282464,81033.248,23918.04438547854,11875.892,11889.40893944124,2.53,2.8225349768e8,4.571319606308236e8
-283.164,37.75169260171383,93.184,56.24839576402181,81605.616,22118.383835444125,11843.976,11340.247468025558,2.52,2.68752378912e8,4.160083534166127e8
-301.636,39.206895881779324,108.276,59.17791691036319,92519.92,24221.15635540122,15222.216,12779.5944500462,2.51,3.94870576224e8,5.1477747929087156e8
-293.068,41.62152961782793,101.182,59.75913344443701,87619.472,25495.587520985984,13805.38,12890.82417860098,2.5,3.565956916e8,5.275169847222577e8
-293.372,39.415418191250886,102.568,56.032928399870954,87619.152,23893.139436101923,13656.744,11976.716098453993,2.49,3.29804943456e8,4.727892079603782e8
-289.404,39.22651531175697,98.87,57.705676021038386,85291.856,23422.398955873676,13101.892,12246.505012997355,2.48,3.21486482128e8,4.7597841960654575e8
-294.844,40.539204371707775,105.33,58.01724830687078,88574.768,24654.02980617692,14457.044,12631.475236912147,2.47,3.68400733712e8,5.073439768457169e8
-306.308,43.20643391824801,115.508,61.94923440724383,95689.52,26882.26224797997,17175.968,14093.590551651969,2.46,4.9344454208e8,6.077924898084915e8
-301.972,46.87503050115791,116.204,61.34343812830677,93382.16,28584.204011960825,17262.624,13870.198756476713,2.45,4.90188218496e8,5.879296788080513e8
-307.844,45.23916717012202,118.786,61.64896429623777,96812.464,28513.41908148548,17906.908,14412.751721573633,2.44,5.28177038896e8,6.486067741705638e8
-312.024,46.77002094139855,125.526,59.913211538999626,99544.224,29230.304176454818,19342.78,14173.98407449875,2.43,5.74844060848e8,6.422954192841151e8
-317.592,44.70964648136338,128.806,62.24503842724181,102861.632,29028.385647118823,20461.556,15013.023434988821,2.42,6.43840755728e8,7.116521267252207e8
-313.572,45.92626740807529,127.048,60.07807479497883,100434.512,29388.72708985229,19746.96,14492.087113846484,2.41,5.99752997568e8,6.807534789626418e8
-315.88,49.62176860935047,126.538,63.29936307235142,102240.032,32162.39868741609,20014.668,15396.324497288364,2.4,6.37396696368e8,7.369211186451254e8
-329.656,44.4118686623078,139.856,61.49062010063291,110643.52,29821.162674195664,23337.016,15403.00580755755,2.39,7.81631651104e8,7.667812623565246e8
-330.012,44.15170697978991,140.676,60.18742019350513,110855.344,29485.481655589854,23408.64,15075.258130529708,2.38,7.75000570944e8,7.504968193268442e8
-335.112,44.00213226246705,146.068,59.33744440324599,114234.304,30211.111041104094,24853.272,15389.276778776508,2.37,8.5427813904e8,8.107893747508708e8
-339.392,44.013083139987906,150.262,58.4080375877743,117122.144,29930.2759271668,25986.756,15378.67972338648,2.36,9.11578773648e8,7.98773258545753e8
-341.94,47.2483312383073,154.068,59.22600016120534,119153.136,32320.985905374226,27241.16,15698.998389095426,2.35,9.88292890016e8,8.422029039113234e8
-343.28,44.92941410982623,154.372,58.821301936981655,119857.792,30797.096265315522,27287.2,15226.263196560438,2.34,9.7619853568e8,8.018002276313208e8
-346.88,46.18933919266496,158.432,58.5540600979467,122457.056,32049.681528198107,28525.848,15649.209289682605,2.33,1.05837685776e9,8.46307119208919e8
-356.32,44.87162870972106,166.7,55.01898844116538,128975.392,32075.533759054808,30812.952,15310.628260375974,2.32,1.183618933344e9,8.766678318090953e8
-358.044,41.62540977262252,172.536,48.99004724154416,129926.448,29700.91949772442,32166.296,14093.336563350493,2.31,1.233094111712e9,8.324407236141307e8
-364.376,45.99746069502523,173.428,55.20159447001537,134883.52,33487.13912080421,33121.44,15538.402477666677,2.3,1.33823029728e9,9.262621046279879e8
-363.54,48.550030952672984,173.242,55.5187875567521,134516.08,34989.18023628458,33092.044,15730.334868181579,2.29,1.342279367728e9,9.418014165876786e8
-369.96,43.372890238115424,178.092,52.88853120226287,138749.728,32056.392552211444,34511.16,15161.041312656731,2.28,1.420647481056e9,9.242968367729137e8
-371.928,44.49888725537941,182.362,49.547632879118694,140308.608,32345.73295268763,35708.412,14816.483891975762,2.27,1.494399354288e9,9.161297845409194e8
-377.824,43.372181985348284,189.838,41.43330151550169,144630.24,32259.629655405286,37753.468,13270.246610899516,2.26,1.601247691696e9,8.932182272286706e8
-378.272,43.04066117654926,186.98,47.25743184796297,144940.352,32406.932734051297,37192.552,14473.053844122562,2.25,1.59254574256e9,9.439324317313869e8
-386.36,38.387080742978725,195.45,39.6743185392207,150746.144,29320.716312674773,39773.18,12757.09024719882,2.24,1.744486455536e9,8.726126539080821e8
-389.912,43.325897444708396,198.67,39.76028143738397,153906.624,32790.48431359537,41049.068,12931.566047305012,2.23,1.852084158704e9,9.070955111131494e8
-388.86,42.25984257299469,197.734,39.16962475571478,152996.208,32289.35787972596,40631.46,12898.812830677123,2.22,1.8171285348e9,9.109812965137517e8
-398.964,36.973365193524565,205.502,32.49904897353435,160537.936,28989.48633711874,43286.204,11144.211300037518,2.21,1.997764708784e9,8.337176700997169e8
-399.156,40.260707750716314,205.438,35.98821067109766,160944.816,31289.096214433233,43498.628,11999.371419873965,2.2,2.03597156744e9,8.765019534105548e8
-399.596,39.188729764315404,204.834,36.146798406429234,161211.184,30831.2317594018,43262.252,12118.39154434771,2.19,2.01833100632e9,8.92404067368389e8
-401.768,39.376244928442134,207.806,32.0369900698042,162966.464,31067.965090742324,44208.676,11379.56630493062,2.18,2.083772068432e9,8.749130869451771e8
-404.272,38.205466541761716,208.558,32.55211631025356,164894.048,30284.346639428644,44555.02,11382.760053784936,2.17,2.114587466416e9,8.709775599596186e8
-409.328,36.89831841563923,211.852,29.948673076098363,168909.536,29763.50534764484,45777.296,10748.504853279128,2.16,2.210975655296e9,8.464333969567685e8
-412.912,35.589026888000674,215.626,24.890231972555977,171761.632,28812.827500770643,47113.476,9527.04198029579,2.15,2.310353385168e9,7.954019472900203e8
-415.348,33.46458986413512,216.578,25.656503506366025,173632.72,27293.379964663505,47563.628,9404.08685919432,2.14,2.350647121328e9,7.725906741354011e8
-420.104,33.306012587436435,218.996,23.518697096419118,177595.552,27522.17165217432,48511.824,9130.76875597554,2.13,2.436684634944e9,7.767466647669915e8
-423.264,33.76706262792958,220.994,22.226605363527426,180291.488,28174.564795063772,49331.876,8678.214851779001,2.12,2.50887009128e9,7.670176142701228e8
-423.784,33.53645834070793,221.288,23.862910436375834,180716.448,28020.03130850902,49537.248,9014.84493842017,2.11,2.535125101248e9,7.741669160523889e8
-424.328,32.61748482511054,221.72,22.069178703536945,181117.088,27440.17331738165,49646.32,8494.940742572593,2.1,2.536848943744e9,7.47328786785208e8
-430.344,31.40961999496696,224.976,20.91231093754941,186181.536,26636.155394329995,51051.088,8090.468580874293,2.09,2.67160381216e9,7.230623206751043e8
-430.724,31.083275149089324,225.73,18.407768630280692,186488.368,26410.37816077557,51292.54,7697.749824251029,2.08,2.690120756656e9,7.123720844282229e8
-431.952,31.23916742779138,225.822,18.590910089017637,187557.44,26424.140127161372,51340.852,7747.9439051178515,2.07,2.695853688208e9,7.184775598459456e8
-435.288,28.89387325908231,227.94,16.817110786791385,190309.664,24809.100452704373,52239.176,6957.152026896448,2.06,2.77728507152e9,6.583138792372562e8
-440.336,28.424057258439213,230.478,15.12866128883823,194702.912,24575.38677171196,53348.756,6522.308515305976,2.05,2.888587734608e9,6.372935392488229e8
-438.856,30.13594928717925,229.422,17.75706139059133,193501.856,25910.985251509985,52949.452,7329.903076767852,2.04,2.857318218736e9,6.870614754868597e8
-443.152,29.139148683274634,231.544,15.490901588740147,197231.936,25449.752468592236,53852.352,6688.972739696912,2.03,2.944773429888e9,6.551754060530411e8
-443.436,27.826753893191217,231.852,14.271011097948096,197409.04,24298.18321146208,53958.808,6257.7708672788085,2.02,2.950673497312e9,6.242638128879914e8
-444.78,28.763500116274773,232.368,14.907407782938213,198655.76,25181.6004177256,54216.896,6515.352974441644,2.01,2.981879186432e9,6.49401770049174e8
-448.648,26.83721916168537,234.178,12.999896665485966,202004.544,23725.81971475804,55008.164,5817.994301027698,2.0,3.05971331528e9,5.986123485776615e8
-448.528,26.562130237666597,234.49,12.246872494065004,201882.208,23497.946256364685,55135.396,5523.839639195145,1.99,3.070394183632e9,5.757662490926685e8
-448.76,26.486448080705948,234.298,13.18730833419395,202086.368,23491.92952810666,55069.284,5851.153472290766,1.98,3.066827801232e9,5.965725974427731e8
-451.292,25.79341070963738,235.588,11.898732530645262,204329.104,23012.078717492775,55643.144,5420.197970305264,1.97,3.125508641696e9,5.71701075323282e8
-454.6,25.221977482904627,236.784,12.782046969273926,207296.672,22611.5434740465,56229.88,5363.782976353295,1.96,3.190540802464e9,5.520062707225453e8
-457.828,24.285967640269657,238.15,11.627411435770933,210195.696,21858.36691026042,56850.484,5100.135444014335,1.95,3.2579629012e9,5.277041589704453e8
-458.308,23.539822838315054,238.384,10.09169888504341,210599.792,21390.696366967575,56928.672,4693.034975119373,1.94,3.262876248384e9,5.1304318654911536e8
-458.916,23.832434389481254,238.452,10.913606315183022,211171.312,21611.222936323138,56978.344,4970.653601981825,1.93,3.271214374816e9,5.2884089682638437e8
-460.064,23.42717944475469,238.942,10.508428191840261,212207.168,21225.83919371042,57203.596,4844.691449413886,1.92,3.295698959536e9,5.2247804635717726e8
-460.824,23.815629494267164,239.08,11.588610611108475,212925.376,21543.24597533477,57293.408,5137.263133034362,1.91,3.30889968128e9,5.3601725870052385e8
-462.856,22.720728322294065,239.866,10.52924066155337,214751.392,20783.428998104602,57646.452,4841.646482794913,1.9,3.346531527312e9,5.2176463806125796e8
-465.704,21.818258876922794,241.158,9.135562078739024,217355.776,20101.57097984338,58240.556,4290.116444803563,1.89,3.4103490572e9,4.7816530132124573e8
-465.116,21.849300582305517,241.016,8.908822094480902,216809.808,20128.232658857683,58168.0,4190.26571648801,1.88,3.401056992448e9,4.682539292852343e8
-466.82,22.46330786416373,241.43,9.707591737260964,218425.008,20646.82412833806,58382.588,4490.938887398309,1.87,3.428674945136e9,4.9087468983716756e8
-468.428,20.435910609572616,242.28,8.08473641889227,219842.0,18934.43067411727,58764.896,3842.43650142087,1.86,3.46806255584e9,4.367390702768832e8
-469.888,20.51478277516758,242.67,8.163684569221536,221215.168,19127.41982120936,58955.308,3885.8783763638166,1.85,3.49081329208e9,4.432850043162901e8
-471.164,20.745396488750842,243.372,7.912282870336489,222425.456,19294.25130461064,59292.472,3767.811212169016,1.84,3.5297794408e9,4.30500655175557e8
-472.256,20.852656840251726,243.55,8.251399007779565,223460.128,19417.168135493346,59384.62,3914.921919685912,1.83,3.541844379568e9,4.447472038348736e8
-471.732,20.934909754915267,243.484,8.165317900511676,222968.912,19463.613340706615,59351.064,3868.964733363696,1.82,3.537502717152e9,4.3928057767758286e8
-474.62,18.88502698553127,244.542,6.921715549352351,225620.432,17740.862368976625,59848.652,3332.7542762648973,1.81,3.592957290032e9,3.882563320552897e8
-475.512,19.847311449457628,244.778,7.588959632802665,226505.184,18584.794487545136,59973.804,3624.181372421116,1.8,3.60997872216e9,4.165335811830612e8
-477.624,18.36877883899842,245.552,6.903836539125109,228461.76,17362.705930459906,60343.4,3315.9680269803503,1.79,3.652310571872e9,3.8549622615817595e8
-479.948,17.85217062421251,246.292,6.455727101761074,230668.464,16942.599403965945,60701.384,3126.828538512026,1.78,3.694425299168e9,3.686380691448992e8
-480.172,17.162545527076364,246.454,6.227412357044029,230859.408,16308.916989883754,60778.316,3016.4782328193714,1.77,3.703093737584e9,3.5564285830909336e8
-479.808,17.581360591269387,246.384,6.2836317546485825,230524.512,16712.339857523522,60744.52,3039.167024334432,1.76,3.699124009696e9,3.5785010757439816e8
-481.872,17.343483283712427,246.874,6.3485768821388975,232501.12,16502.683294710758,60987.036,3077.9919429889846,1.75,3.728883120432e9,3.6355295046767074e8
-482.288,16.53791276305926,247.224,5.687017334786856,232874.944,15815.227343189881,61152.016,2779.910265607297,1.74,3.747289234048e9,3.3305798733731896e8
-483.612,16.669472916901938,247.53,5.932477921939052,234158.16,15963.712506412392,61306.26,2886.666175020244,1.73,3.766782023952e9,3.434220403097406e8
-484.672,16.243283543060507,247.832,5.873182294997344,235170.528,15563.776680541832,61455.16,2859.608921790808,1.72,3.784905876448e9,3.403498293736751e8
-486.62,15.574921450144721,248.568,5.37124065986865,237041.36,14949.398135276451,61814.872,2621.4468598953626,1.71,3.827943512032e9,3.1374663443822527e8
-485.856,16.087201809577138,248.3,5.618324088690999,236314.592,15429.761165590453,61684.424,2738.444940640019,1.7,3.812459745824e9,3.2697541221289927e8
-486.788,15.758533795610159,248.636,5.387441742471886,237210.64,15144.70066989707,61848.856,2637.12829587658,1.69,3.832228479712e9,3.1709948023005444e8
-487.264,15.337716568953462,248.816,5.159919453709405,237661.216,14813.85345382813,61936.0,2533.1269712061912,1.68,3.84247841152e9,3.0628782537065595e8
-487.488,15.831756077596081,248.708,5.632980247299513,237894.944,15275.647406265452,61887.368,2754.748333869895,1.67,3.837627367712e9,3.30773598257236e8
-488.848,14.685249488944768,249.218,5.157040921989185,239187.808,14215.97840139908,62136.18,2525.805242635252,1.66,3.867278177424e9,3.0428268018478906e8
-489.688,14.711869191067978,249.576,4.771057219001571,240010.56,14237.862802808277,62310.92,2351.7165876245604,1.65,3.888175791584e9,2.8648660813530636e8
-489.948,15.484090320488743,249.586,5.221097955781319,240288.56,14979.262478199344,62320.404,2564.444236677223,1.64,3.890402552592e9,3.1040472177849996e8
-491.416,13.199741557211535,250.128,4.3573618856600165,241663.744,12865.111190051814,62582.984,2153.5211829070154,1.63,3.921262902176e9,2.6362814946120158e8
-492.68,13.190283680936647,250.484,4.3202324484231625,242907.392,12875.844059267516,62760.88,2137.6367990574745,1.62,3.943492979968e9,2.622850523246422e8
-492.756,13.52136425407183,250.432,4.433625269802695,242991.12,13178.568790766813,62735.824,2195.061765230577,1.61,3.940597090816e9,2.695861059929748e8
-492.412,13.46742839697422,250.304,4.543151353875877,242650.768,13140.868347834215,62672.712,2247.302519392898,1.6,3.93291414768e9,2.7554142734461355e8
-494.996,12.77760741497606,251.206,3.9472959282457087,245184.144,12500.685128261568,63120.02,1962.9417851918206,1.59,3.987986212112e9,2.4311908877550533e8
-494.896,12.502539641908657,251.21,3.850548886422133,245078.208,12274.008273903188,63121.276,1918.9674953141002,1.58,3.98797423768e9,2.3860884832683882e8
-494.756,12.394760751789207,251.058,4.025523672870505,244936.976,12154.101917988708,63046.308,2000.251315825704,1.57,3.978833956752e9,2.4733094679260305e8
-495.736,12.01643452521165,251.414,3.8235092811739344,245898.432,11824.524246286912,63223.604,1904.3773450280955,1.56,4.000847129168e9,2.3657056253669658e8
-497.308,11.692469792556652,251.9,3.757142014366254,247451.824,11515.392682042833,63467.712,1861.8852826803973,1.55,4.031613616704e9,2.2955067318631887e8
-497.124,11.522733937629443,251.88,3.4936808391445573,247264.912,11335.559409724225,63455.728,1744.8106195556336,1.54,4.029670735744e9,2.178139732097538e8
-497.22,11.44738584318021,251.946,3.34488748275219,247358.64,11254.275898359538,63487.964,1671.5627732181665,1.53,4.033512900848e9,2.089768541250118e8
-498.372,11.404897530784206,252.156,3.7080201473850436,248504.592,11246.283120994844,63596.384,1844.3182421486597,1.52,4.047898166144e9,2.2864266437117943e8
-499.26,10.558592893178703,252.528,3.1143080956955607,249371.92,10449.259927987374,63780.08,1560.498611828129,1.51,4.070331325568e9,1.9610201779486483e8
-500.044,10.78380055241909,252.704,3.2426684842732376,250160.176,10674.461738862457,63869.816,1624.4094804895424,1.5,4.081989463328e9,2.0402145185347518e8
-499.972,10.000961715516919,252.7,2.986455912770005,250071.92,9928.878354122937,63866.2,1498.7645522840419,1.49,4.081135551328e9,1.8889515598145974e8
-500.28,10.061751280907261,252.77,3.0874961753227543,250381.216,9977.171604546578,63902.196,1545.648756886138,1.48,4.085877294672e9,1.9393242968332618e8
-501.032,9.761468243162104,253.012,2.8298169311571826,251128.256,9699.92204371345,64023.072,1422.8167198322608,1.47,4.100976131328e9,1.7996537616223013e8
-501.756,9.778552248880414,253.23,2.787628180168739,251854.608,9719.375601571346,64133.196,1402.5305749243387,1.46,4.115031954096e9,1.7763430380204177e8
-501.544,9.565540421929308,253.154,2.8552471760666243,251637.792,9502.67622663238,64095.092,1432.5024114097314,1.45,4.110230829584e9,1.8046882500770125e8
-502.28,9.316243470004014,253.32,2.8806072099295132,252371.904,9266.820733201075,64179.312,1444.070647402921,1.44,4.121067343488e9,1.8166844612051824e8
-502.668,9.286119103694928,253.45,2.7808691506853087,252761.264,9235.028761326443,64244.628,1396.0013271201863,1.43,4.129319097744e9,1.7607129203497458e8
-503.228,8.696185349889895,253.654,2.4564849517793337,253313.968,8684.232984294096,64346.38,1238.862140434925,1.42,4.141989863728e9,1.5762726189850217e8
-503.724,8.453832934905401,253.76,2.4699191283320383,253809.264,8442.905109083307,64400.232,1244.0454442034038,1.41,4.148935983072e9,1.5791334454700676e8
-504.476,8.507279106612044,253.98,2.4636699595663534,254568.336,8499.188527661498,64511.904,1240.1287893594754,1.4,4.1633221392e9,1.5726526270576367e8
-504.372,8.089935912172791,253.94,2.3685459695792295,254456.496,8092.237372425234,64491.128,1193.6942798093867,1.39,4.16052907184e9,1.5170064820736992e8
-504.6,7.95331724849797,253.996,2.309397609186715,254684.352,7958.94284483205,64519.296,1165.0771567433487,1.38,4.164095603712e9,1.4834648315651208e8
-504.88,7.728734264634366,254.1,2.180540014481448,254963.488,7733.137269561812,64571.56,1101.0947388958066,1.37,4.170697558048e9,1.4044514585394815e8
-505.068,7.737133787084159,254.14,2.1984615605539313,255153.488,7744.6422412724305,64591.968,1109.891260252817,1.36,4.173352956864e9,1.4151554791258276e8
-505.62,7.412863856199611,254.294,2.0904386941343045,255706.48,7432.219190773353,64669.804,1056.7296717624538,1.35,4.18329911032e9,1.3506953337762973e8
-505.744,7.287494190156972,254.354,1.9966648869228572,255830.048,7304.995229635748,64699.94,1009.6871875074066,1.34,4.187100684752e9,1.2914776995809594e8
-505.952,7.05744312789721,254.378,2.022178331702029,256037.184,7083.121498909385,64712.252,1022.2106412531083,1.33,4.188719428592e9,1.3065868725004564e8
-506.392,7.128053391013928,254.494,2.016936298456654,256483.616,7146.745388370162,64771.26,1019.4114753896763,1.32,4.196354282544e9,1.3027224326667216e8
-507.044,6.526918466218542,254.696,1.7727737381647806,257136.176,6563.9540783102775,64873.192,898.3169777581458,1.31,4.209337206688e9,1.1536336006136149e8
-507.34,6.245911575695853,254.788,1.6606666775165373,257432.848,6288.134691846131,64919.68,842.3607381717247,1.3,4.215273713344e9,1.0838889860636458e8
-507.456,6.425056057758979,254.798,1.809549797731599,257552.832,6458.309297855187,64925.292,914.6311961446324,1.29,4.21612925496e9,1.1691485227777319e8
-507.544,6.18565488257519,254.838,1.6493866970715134,257639.136,6227.503188394639,64945.124,836.6762598447431,1.28,4.218568458512e9,1.0766649813965935e8
-507.64,5.981486285044728,254.86,1.61710080545865,257734.112,6028.429306158889,64956.232,820.2388346828754,1.27,4.219984194592e9,1.0554212499734709e8
-508.144,5.589499665131621,255.0,1.4812812677524123,258241.536,5635.856782635483,65027.192,752.0376664687666,1.26,4.229100694496e9,9.69366298788667e7
-508.028,6.025572464382409,254.958,1.6592133645161453,258128.72,6062.751170991709,65006.332,839.7134657015338,1.25,4.22652761368e9,1.075988787631489e8
-508.524,5.357062826038363,255.09,1.4649389222920002,258625.328,5403.910202241513,65073.052,743.1551687910816,1.24,4.23505382392e9,9.564895267301925e7
-508.372,5.634657519793494,255.05,1.5283441483631344,258473.808,5678.49380373132,65052.836,775.1929522494495,1.23,4.232471794832e9,9.973811800162204e7
-508.468,5.521182795331036,255.08,1.5059441782044474,258570.16,5563.91772790386,65068.072,763.149280049218,1.22,4.234435808224e9,9.803104219374065e7
-508.972,4.861980548588698,255.216,1.294225258221697,259076.112,4911.06972963583,65136.88,657.4542293298172,1.21,4.243244949952e9,8.484608117597611e7
-508.884,5.119057408229442,255.186,1.3766986959023748,258989.104,5166.612252467894,65121.788,699.0311864685691,1.2,4.241335428272e9,9.012919595996027e7
-509.348,4.890686538188152,255.3,1.3355836865519815,259459.28,4935.735254255449,65179.872,678.0257860749712,1.19,4.248874973184e9,8.738714891525707e7
-509.18,5.077931211171078,255.262,1.3990401399936014,259290.032,5122.877366430655,65160.644,709.3477281724835,1.18,4.24641219752e9,9.120755161530033e7
-509.764,4.19068799433528,255.414,1.1374963287404039,259876.88,4241.886115328344,65237.604,578.3525835464858,1.17,4.25627913288e9,7.47659638317162e7
-509.88,4.312330715076965,255.446,1.1774848068958128,259996.192,4356.5653895160485,65254.044,597.7936326955073,1.16,4.258447258224e9,7.705724965459457e7
-510.056,4.147054624919002,255.496,1.0932425070308878,260174.304,4192.167943636282,65279.4,555.8403426223094,1.15,4.261708713888e9,7.185155856286305e7
-510.144,4.007408554580294,255.52,1.067117022045257,260262.944,4053.275853678112,65291.608,542.4360194264124,1.14,4.263288017824e9,7.008956749703008e7
-509.892,4.0284692582374975,255.456,1.0663963621473964,260006.064,4080.1097980162103,65258.904,542.5682584699357,1.13,4.259018637216e9,7.023224396835175e7
-510.1,3.988722841952033,255.51,1.0530949667570397,260217.904,4036.8286652341912,65286.468,535.5799275876893,1.12,4.262609462928e9,6.927223657207721e7
-510.156,3.8354105874566224,255.528,1.0011084947288278,260273.84,3884.507360764792,65295.56,509.4356122642422,1.11,4.263769420832e9,6.5965057649103515e7
-510.464,3.4670916810382626,255.606,0.9086196066504341,260585.504,3513.4687670108533,65335.252,462.47656488633993,1.1,4.268908824592e9,5.991204814683105e7
-510.724,3.293428406792939,255.668,0.900325822459062,260849.84,3334.845034751361,65366.936,457.43481559071836,1.09,4.273045359392e9,5.905616157691885e7
-510.596,3.385889580043662,255.64,0.884976374364414,260719.728,3430.6896830983897,65352.592,450.4404801548835,1.08,4.271163974848e9,5.8351848600077555e7
-510.644,3.4798524930481443,255.648,0.9235523531175419,260769.392,3519.020536437925,65356.752,469.5753651114161,1.07,4.271725312512e9,6.07050039011724e7
-510.924,2.920745581996959,255.726,0.7546479268463495,261051.856,2961.948417797596,65396.356,384.3334196260347,1.06,4.276830942544e9,4.984650457829871e7
-510.836,3.1671967313596334,255.7,0.8382736442849091,260963.44,3207.322663697724,65383.192,426.3876188839652,1.05,4.275143420704e9,5.516593513664794e7
-511.02,2.855127274177416,255.75,0.7362350453775222,261149.584,2894.5071702627915,65408.604,374.950341969364,1.04,4.2784259244e9,4.862748107135011e7
-511.056,2.7677652582046277,255.758,0.7279876138822465,261185.888,2806.8028933179367,65412.684,370.60581864943344,1.03,4.278956439408e9,4.8028295176065356e7
-511.28,2.4198048382990427,255.818,0.6158370362809102,261413.088,2454.8489313054542,65443.228,313.7794728365345,1.02,4.28291445016e9,4.073155654578689e7
-511.124,2.584434813127099,255.78,0.6511712708834938,261254.416,2623.3381913528056,65423.832,331.91173702835084,1.01,4.2803878488e9,4.311832900145143e7
-511.304,2.4268237417401104,255.82,0.6387550453875164,261437.664,2461.089850118104,65444.28,325.28678591835416,1.0,4.2830594904e9,4.218173255120904e7
-511.4,2.1308544156137303,255.848,0.5451542838437512,261534.496,2164.4349777151433,65458.496,277.9158419363661,0.99,4.28489185856e9,3.6114663668517925e7
-511.316,2.298135206080232,255.826,0.5916705790167988,261449.328,2333.346147630192,65447.292,301.54521427516016,0.98,4.28343886872e9,3.91636754745643e7
-511.432,2.1170398810267743,255.858,0.5292599702566936,261567.168,2149.051363168768,65463.596,269.8060490205661,0.97,4.28555512376e9,3.505902317935125e7
-511.48,2.060545036112012,255.868,0.528067093137657,261616.032,2091.060696826808,65468.712,269.07996038553495,0.96,4.28622458256e9,3.4934457020223275e7
-511.6,1.77176159207133,255.898,0.4580456372522349,261737.696,1799.4817904881113,65483.996,233.46721166562745,0.95,4.28820818456e9,3.0328082401602816e7
-511.568,1.835414052671697,255.89,0.4734174945268967,261705.184,1864.1761523179264,65479.916,241.31155009283793,0.94,4.2876775724e9,3.134945631692084e7
-511.624,1.7770148513115416,255.904,0.46367984536638956,261762.272,1802.4939296381503,65487.072,236.1044602122801,0.93,4.288612288704e9,3.061159000037726e7
-511.648,1.670594770399718,255.91,0.43369123589033715,261786.464,1696.6554937784413,65490.116,221.03837790869827,0.92,4.2890041028e9,2.870961462190591e7
-511.648,1.680154433056354,255.912,0.4200386082640885,261786.496,1705.8479766096689,65491.128,214.14524463971136,0.91,4.28913365904e9,2.7830985771226034e7
-511.776,1.3204421863783231,255.944,0.33011054659458094,261916.416,1341.569261360377,65507.44,168.35637876323625,0.9,4.29125301088e9,2.1895083770916402e7
-511.636,1.7200181575967346,255.908,0.4378672489781894,261774.352,1746.0533515337966,65489.096,223.16959347422625,0.89,4.28887144976e9,2.898715483955531e7
-511.708,1.5585779304112977,255.926,0.3983499500221918,261847.504,1581.8679528343077,65498.276,203.00087975469745,0.88,4.29006532712e9,2.636035546378118e7
-511.792,1.2737183198644655,255.948,0.31842957996611665,261932.672,1294.0978129822975,65509.48,162.3990857827194,0.87,4.29151831696e9,2.112032590421424e7
-511.844,1.1282450695380584,255.96,0.29408584883752303,261985.552,1145.7934901272647,65515.608,149.8761261481935,0.86,4.292317332e9,1.9464150967150945e7
-511.82,1.2590413754858036,255.954,0.3255610388083776,261961.296,1277.13066172225,65512.556,165.8418837157683,0.85,4.29192246968e9,2.151834650611472e7
-511.856,1.064141154357069,255.964,0.2660352885892672,261997.696,1081.1674128267823,65517.64,135.67799718052646,0.84,4.29257954128e9,1.764519488932182e7
-511.876,1.012743624837821,255.968,0.266546519480272,262018.064,1028.3850503171054,65519.688,135.81969535249905,0.83,4.29284794416e9,1.7633167304343604e7
-511.864,1.094852822393359,255.966,0.27371320559833934,262005.952,1110.519764724538,65518.668,139.47788303475164,0.82,4.29271529112e9,1.8109737116690412e7
-511.88,1.0366651699920642,255.97,0.25916629249801604,262022.208,1051.2950613610067,65520.708,132.05232505545877,0.81,4.2929805972e9,1.7142326885326304e7
-511.88,0.9729062372842239,255.97,0.24322655932105597,262022.08,988.4727370807713,65520.7,124.04554525373858,0.8,4.2929775004e9,1.6132371251339195e7
-511.904,0.9250079132848756,255.974,0.25959851962480707,262046.56,938.5730092505822,65522.756,132.15032414705672,0.79,4.29324900008e9,1.712365477670097e7
-511.976,0.43773920959358387,255.994,0.10943480239839597,262119.616,444.7430369470814,65532.94,55.81174922318196,0.78,4.29456933688e9,7.258429609973261e6
-511.944,0.6673150000631706,255.986,0.16682875001579262,262087.104,677.9920400641812,65528.86,85.08266250805424,0.77,4.29403872472e9,1.1065170424497474e7
-511.912,0.8348370816829789,255.978,0.2087092704207448,262054.592,848.1944749899069,65524.78,106.44172791457984,0.76,4.29350811256e9,1.3842959598746937e7
-511.92,0.7963882434053348,255.98,0.1990970608513336,262062.72,809.13045529982,65525.8,101.53950103418009,0.75,4.2936407656e9,1.320541518849719e7
-511.984,0.3575917670638851,255.996,0.08939794176597131,262127.744,363.31323533690744,65533.96,45.592950300645334,0.74,4.29470198992e9,5.929454372499522e6
-511.96,0.5645517856837569,255.99,0.14113794642093924,262103.36,573.5846142546975,65530.9,71.98035267467904,0.73,4.2943040308e9,9.361188826047357e6
-511.944,0.6673150000631705,255.986,0.16682875001579264,262087.104,677.9920400641813,65528.86,85.0826625080542,0.72,4.29403872472e9,1.1065170424497483e7
-511.96,0.5645517856837569,255.99,0.14113794642093924,262103.36,573.5846142546974,65530.9,71.98035267467904,0.71,4.2943040308e9,9.361188826047357e6
-511.976,0.43773920959358414,255.994,0.10943480239839604,262119.616,444.7430369470814,65532.94,55.81174922318198,0.7,4.29456933688e9,7.258429609973265e6
-511.976,0.4377392095935838,255.994,0.10943480239839595,262119.616,444.74303694708146,65532.94,55.81174922318198,0.69,4.29456933688e9,7.258429609973265e6
-511.984,0.3575917670638851,255.996,0.0893979417659713,262127.744,363.3132353369074,65533.96,45.59295030064534,0.68,4.29470198992e9,5.929454372499525e6
-512.0,0.0,256.0,0.0,262144.0,0.0,65536.0,0.0,0.67,4.294967296e9,0.0
-511.992,0.25298221281347044,255.998,0.0632455532033676,262135.872,257.0299282184858,65534.98,32.25523213371745,0.66,4.29483464296e9,4.1948574494542265e6
-511.992,0.25298221281347055,255.998,0.06324555320336761,262135.872,257.02992821848574,65534.98,32.25523213371743,0.65,4.29483464296e9,4.194857449454228e6
-512.0,0.0,256.0,0.0,262144.0,0.0,65536.0,0.0,0.64,4.294967296e9,0.0
-512.0,0.0,256.0,0.0,262144.0,0.0,65536.0,0.0,0.63,4.294967296e9,0.0
-512.0,0.0,256.0,0.0,262144.0,0.0,65536.0,0.0,0.62,4.294967296e9,0.0
-511.992,0.25298221281347033,255.998,0.06324555320336758,262135.872,257.02992821848585,65534.98,32.25523213371746,0.61,4.29483464296e9,4.194857449454225e6
-512.0,0.0,256.0,0.0,262144.0,0.0,65536.0,0.0,0.6,4.294967296e9,0.0
-512.0,0.0,256.0,0.0,262144.0,0.0,65536.0,0.0,0.59,4.294967296e9,0.0
-512.0,0.0,256.0,0.0,262144.0,0.0,65536.0,0.0,0.58,4.294967296e9,0.0
-512.0,0.0,256.0,0.0,262144.0,0.0,65536.0,0.0,0.57,4.294967296e9,0.0
-512.0,0.0,256.0,0.0,262144.0,0.0,65536.0,0.0,0.56,4.294967296e9,0.0
-512.0,0.0,256.0,0.0,262144.0,0.0,65536.0,0.0,0.55,4.294967296e9,0.0
-512.0,0.0,256.0,0.0,262144.0,0.0,65536.0,0.0,0.54,4.294967296e9,0.0
-512.0,0.0,256.0,0.0,262144.0,0.0,65536.0,0.0,0.53,4.294967296e9,0.0
-512.0,0.0,256.0,0.0,262144.0,0.0,65536.0,0.0,0.52,4.294967296e9,0.0
-512.0,0.0,256.0,0.0,262144.0,0.0,65536.0,0.0,0.51,4.294967296e9,0.0
-512.0,0.0,256.0,0.0,262144.0,0.0,65536.0,0.0,0.5,4.294967296e9,0.0
-512.0,0.0,256.0,0.0,262144.0,0.0,65536.0,0.0,0.49,4.294967296e9,0.0
-512.0,0.0,256.0,0.0,262144.0,0.0,65536.0,0.0,0.48,4.294967296e9,0.0
-512.0,0.0,256.0,0.0,262144.0,0.0,65536.0,0.0,0.47,4.294967296e9,0.0
-512.0,0.0,256.0,0.0,262144.0,0.0,65536.0,0.0,0.46,4.294967296e9,0.0
-512.0,0.0,256.0,0.0,262144.0,0.0,65536.0,0.0,0.45,4.294967296e9,0.0
-512.0,0.0,256.0,0.0,262144.0,0.0,65536.0,0.0,0.44,4.294967296e9,0.0
-512.0,0.0,256.0,0.0,262144.0,0.0,65536.0,0.0,0.43,4.294967296e9,0.0
-512.0,0.0,256.0,0.0,262144.0,0.0,65536.0,0.0,0.42,4.294967296e9,0.0
-512.0,0.0,256.0,0.0,262144.0,0.0,65536.0,0.0,0.41,4.294967296e9,0.0
-512.0,0.0,256.0,0.0,262144.0,0.0,65536.0,0.0,0.4,4.294967296e9,0.0
-512.0,0.0,256.0,0.0,262144.0,0.0,65536.0,0.0,0.39,4.294967296e9,0.0
-512.0,0.0,256.0,0.0,262144.0,0.0,65536.0,0.0,0.38,4.294967296e9,0.0
-512.0,0.0,256.0,0.0,262144.0,0.0,65536.0,0.0,0.37,4.294967296e9,0.0
-512.0,0.0,256.0,0.0,262144.0,0.0,65536.0,0.0,0.36,4.294967296e9,0.0
-512.0,0.0,256.0,0.0,262144.0,0.0,65536.0,0.0,0.35,4.294967296e9,0.0
-512.0,0.0,256.0,0.0,262144.0,0.0,65536.0,0.0,0.34,4.294967296e9,0.0
-512.0,0.0,256.0,0.0,262144.0,0.0,65536.0,0.0,0.33,4.294967296e9,0.0
-512.0,0.0,256.0,0.0,262144.0,0.0,65536.0,0.0,0.32,4.294967296e9,0.0
-512.0,0.0,256.0,0.0,262144.0,0.0,65536.0,0.0,0.31,4.294967296e9,0.0
-512.0,0.0,256.0,0.0,262144.0,0.0,65536.0,0.0,0.3,4.294967296e9,0.0
-512.0,0.0,256.0,0.0,262144.0,0.0,65536.0,0.0,0.29,4.294967296e9,0.0
-512.0,0.0,256.0,0.0,262144.0,0.0,65536.0,0.0,0.28,4.294967296e9,0.0
-512.0,0.0,256.0,0.0,262144.0,0.0,65536.0,0.0,0.27,4.294967296e9,0.0
-512.0,0.0,256.0,0.0,262144.0,0.0,65536.0,0.0,0.26,4.294967296e9,0.0
-512.0,0.0,256.0,0.0,262144.0,0.0,65536.0,0.0,0.25,4.294967296e9,0.0
-512.0,0.0,256.0,0.0,262144.0,0.0,65536.0,0.0,0.24,4.294967296e9,0.0
-512.0,0.0,256.0,0.0,262144.0,0.0,65536.0,0.0,0.23,4.294967296e9,0.0
-512.0,0.0,256.0,0.0,262144.0,0.0,65536.0,0.0,0.22,4.294967296e9,0.0
-512.0,0.0,256.0,0.0,262144.0,0.0,65536.0,0.0,0.21,4.294967296e9,0.0
-512.0,0.0,256.0,0.0,262144.0,0.0,65536.0,0.0,0.2,4.294967296e9,0.0
-512.0,0.0,256.0,0.0,262144.0,0.0,65536.0,0.0,0.19,4.294967296e9,0.0
-512.0,0.0,256.0,0.0,262144.0,0.0,65536.0,0.0,0.18,4.294967296e9,0.0
-512.0,0.0,256.0,0.0,262144.0,0.0,65536.0,0.0,0.17,4.294967296e9,0.0
-512.0,0.0,256.0,0.0,262144.0,0.0,65536.0,0.0,0.16,4.294967296e9,0.0
-512.0,0.0,256.0,0.0,262144.0,0.0,65536.0,0.0,0.15,4.294967296e9,0.0
-512.0,0.0,256.0,0.0,262144.0,0.0,65536.0,0.0,0.14,4.294967296e9,0.0
-512.0,0.0,256.0,0.0,262144.0,0.0,65536.0,0.0,0.13,4.294967296e9,0.0
-512.0,0.0,256.0,0.0,262144.0,0.0,65536.0,0.0,0.12,4.294967296e9,0.0
-512.0,0.0,256.0,0.0,262144.0,0.0,65536.0,0.0,0.11,4.294967296e9,0.0
-512.0,0.0,256.0,0.0,262144.0,0.0,65536.0,0.0,0.1,4.294967296e9,0.0
